{
  "extends": [
    "tslint-config-standard"
  ],
  "env": {
    "node": true
  },
  "parser": "babel-eslint",
  "parserOptions": {
    "sourceType": "module"
  },
  "rules": {
    "max-line-length": [
      240
    ],
    "no-constant-condition": true,
    "align": [
      true,
      "parameters",
      "statements"
    ],
    "jsdoc-format": true,
    "semicolon": [
      true,
      "never"
    ],
    "typedef-whitespace": [
      true,
      {
        "property-declaration": "nospace",
        "variable-declaration": "nospace"
      }
    ],
    "no-unused-expression": true,
    "no-consecutive-blank-lines": [
      true,
      2
    ],
    "no-empty": true,
    "no-for-in-array": true,
    "no-duplicate-variable": true,
    "no-var-keyword": true,
    "no-use-before-declare": true,
    "no-unnecessary-initializer": true,
    "ordered-imports": true,
    "return-undefined": true,
    "variable-name": [
      true,
      "ban-keywords",
      "check-format"
    ],
    "handle-callback-err": false,
    "no-console": [
      true, "debug", "info", "assert", "count", "table", "warn"
    ],
    "no-floating-promises": false
  }
}